Metric,Value
MSE,13.972687076436783
RMSE,3.7380057619587457
MAE,3.3807464717112965
R2,0.8725354524205345
