Metric,Value
MSE,0.806398004820981
RMSE,0.8979966619208454
MAE,0.7022307934121987
R2,0.9926439661792485
