Metric,Value
MSE,5.419986001904277
RMSE,2.3280863390141433
MAE,2.2201166813871485
R2,0.9505566781936448
